{
  "logreg": {
    "accuracy": 0.8207764308731011,
    "precision": 0.5640766902119072,
    "recall": 0.7862165963431786,
    "f1": 0.6568742655699178,
    "roc_auc": 0.8785279409917612,
    "confusion_matrix": [
      [
        4231,
        864
      ],
      [
        304,
        1118
      ]
    ],
    "threshold": 0.5
  },
  "random_forest": {
    "accuracy": 0.9312567132116004,
    "precision": 0.950925925925926,
    "recall": 0.7222222222222222,
    "f1": 0.820943245403677,
    "roc_auc": 0.9319488094695856,
    "confusion_matrix": [
      [
        5042,
        53
      ],
      [
        395,
        1027
      ]
    ],
    "threshold": 0.5
  },
  "xgboost": {
    "accuracy": 0.9172932330827067,
    "precision": 0.8196958725561188,
    "recall": 0.7960618846694796,
    "f1": 0.8077060292543703,
    "roc_auc": 0.9501971680130958,
    "confusion_matrix": [
      [
        4846,
        249
      ],
      [
        290,
        1132
      ]
    ],
    "threshold": 0.5
  }
}