{
  "accuracy": 0.9172932330827067,
  "precision": 0.8196958725561188,
  "recall": 0.7960618846694796,
  "f1": 0.8077060292543703,
  "roc_auc": 0.9501971680130958,
  "confusion_matrix": [
    [
      4846,
      249
    ],
    [
      290,
      1132
    ]
  ],
  "threshold": 0.5
}